id,name,image,discount_percentage
1,Otcom,http://dummyimage.com/138x100.png/dddddd/000000,38.43
2,Stim,http://dummyimage.com/243x100.png/cc0000/ffffff,0.56
3,Treeflex,http://dummyimage.com/138x100.png/ff4444/ffffff,18.75
4,Transcof,http://dummyimage.com/123x100.png/5fa2dd/ffffff,22.25
5,Holdlamis,http://dummyimage.com/243x100.png/dddddd/000000,21.74
6,Stronghold,http://dummyimage.com/133x100.png/cc0000/ffffff,37.09
7,Hatity,http://dummyimage.com/239x100.png/5fa2dd/ffffff,26.59
8,Greenlam,http://dummyimage.com/203x100.png/5fa2dd/ffffff,6.81
9,Zontrax,http://dummyimage.com/167x100.png/cc0000/ffffff,29.03
10,Viva,http://dummyimage.com/179x100.png/cc0000/ffffff,38.66
11,Keylex,http://dummyimage.com/141x100.png/cc0000/ffffff,25.53
12,Home Ing,http://dummyimage.com/108x100.png/cc0000/ffffff,9.53
13,Voyatouch,http://dummyimage.com/110x100.png/cc0000/ffffff,38.56
14,Veribet,http://dummyimage.com/147x100.png/5fa2dd/ffffff,3.3
15,Treeflex,http://dummyimage.com/102x100.png/5fa2dd/ffffff,18.78
16,Tampflex,http://dummyimage.com/247x100.png/cc0000/ffffff,24.87
17,Fintone,http://dummyimage.com/143x100.png/5fa2dd/ffffff,5.36
18,Y-Solowarm,http://dummyimage.com/158x100.png/cc0000/ffffff,19.54
19,Treeflex,http://dummyimage.com/119x100.png/5fa2dd/ffffff,14.15
20,Namfix,http://dummyimage.com/216x100.png/ff4444/ffffff,7.7
21,Toughjoyfax,http://dummyimage.com/192x100.png/cc0000/ffffff,20.01
22,Voltsillam,http://dummyimage.com/229x100.png/ff4444/ffffff,31.15
23,Opela,http://dummyimage.com/234x100.png/ff4444/ffffff,26.19
24,Fixflex,http://dummyimage.com/156x100.png/cc0000/ffffff,10.15
25,Ronstring,http://dummyimage.com/194x100.png/dddddd/000000,36.32
26,Vagram,http://dummyimage.com/150x100.png/ff4444/ffffff,36.39
27,Fintone,http://dummyimage.com/228x100.png/5fa2dd/ffffff,35.78
28,Konklux,http://dummyimage.com/169x100.png/cc0000/ffffff,27.92
29,Sub-Ex,http://dummyimage.com/205x100.png/5fa2dd/ffffff,5.07
30,Voltsillam,http://dummyimage.com/231x100.png/ff4444/ffffff,11.27
31,Alpha,http://dummyimage.com/208x100.png/5fa2dd/ffffff,24.4
32,Lotstring,http://dummyimage.com/185x100.png/ff4444/ffffff,21.41
33,Keylex,http://dummyimage.com/121x100.png/5fa2dd/ffffff,24.36
34,Zaam-Dox,http://dummyimage.com/159x100.png/ff4444/ffffff,16.31
35,Matsoft,http://dummyimage.com/157x100.png/dddddd/000000,35.25
36,Bamity,http://dummyimage.com/249x100.png/dddddd/000000,22.3
37,Keylex,http://dummyimage.com/221x100.png/5fa2dd/ffffff,37.94
38,Subin,http://dummyimage.com/115x100.png/ff4444/ffffff,36.2
39,Zathin,http://dummyimage.com/142x100.png/5fa2dd/ffffff,24.93
40,Wrapsafe,http://dummyimage.com/139x100.png/ff4444/ffffff,14.14
41,Zamit,http://dummyimage.com/197x100.png/ff4444/ffffff,23.96
42,Voltsillam,http://dummyimage.com/129x100.png/5fa2dd/ffffff,21.7
43,Sonsing,http://dummyimage.com/139x100.png/ff4444/ffffff,20.18
44,Wrapsafe,http://dummyimage.com/142x100.png/cc0000/ffffff,14.43
45,Tresom,http://dummyimage.com/186x100.png/5fa2dd/ffffff,25.11
46,Trippledex,http://dummyimage.com/153x100.png/ff4444/ffffff,25.7
47,Holdlamis,http://dummyimage.com/200x100.png/ff4444/ffffff,34.51
48,Temp,http://dummyimage.com/105x100.png/5fa2dd/ffffff,26.86
49,Home Ing,http://dummyimage.com/153x100.png/5fa2dd/ffffff,27.14
50,Zoolab,http://dummyimage.com/226x100.png/cc0000/ffffff,15.06
51,Greenlam,http://dummyimage.com/108x100.png/5fa2dd/ffffff,17.09
52,Cookley,http://dummyimage.com/104x100.png/dddddd/000000,37.44
53,Opela,http://dummyimage.com/150x100.png/ff4444/ffffff,15.27
54,Kanlam,http://dummyimage.com/122x100.png/5fa2dd/ffffff,28.12
55,Alphazap,http://dummyimage.com/146x100.png/ff4444/ffffff,22.91
56,Hatity,http://dummyimage.com/208x100.png/ff4444/ffffff,12.58
57,Voltsillam,http://dummyimage.com/138x100.png/cc0000/ffffff,38.38
58,Tampflex,http://dummyimage.com/224x100.png/cc0000/ffffff,8.52
59,Duobam,http://dummyimage.com/122x100.png/cc0000/ffffff,30.89
60,Temp,http://dummyimage.com/133x100.png/ff4444/ffffff,35.3
61,Stronghold,http://dummyimage.com/220x100.png/5fa2dd/ffffff,6.88
62,Sub-Ex,http://dummyimage.com/144x100.png/dddddd/000000,10.18
63,Bamity,http://dummyimage.com/225x100.png/cc0000/ffffff,22.15
64,Tampflex,http://dummyimage.com/153x100.png/5fa2dd/ffffff,25.16
65,Daltfresh,http://dummyimage.com/149x100.png/5fa2dd/ffffff,6.33
66,Rank,http://dummyimage.com/107x100.png/cc0000/ffffff,1.47
67,Zamit,http://dummyimage.com/247x100.png/5fa2dd/ffffff,12.68
68,Overhold,http://dummyimage.com/151x100.png/dddddd/000000,26.94
69,Rank,http://dummyimage.com/238x100.png/cc0000/ffffff,24.21
70,Bytecard,http://dummyimage.com/182x100.png/cc0000/ffffff,13.65
71,Holdlamis,http://dummyimage.com/199x100.png/5fa2dd/ffffff,2.17
72,Stringtough,http://dummyimage.com/236x100.png/ff4444/ffffff,25.06
73,Voltsillam,http://dummyimage.com/237x100.png/dddddd/000000,35.97
74,Duobam,http://dummyimage.com/235x100.png/cc0000/ffffff,18.59
75,Home Ing,http://dummyimage.com/179x100.png/5fa2dd/ffffff,32.81
76,Fixflex,http://dummyimage.com/244x100.png/dddddd/000000,1.22
77,Trippledex,http://dummyimage.com/216x100.png/5fa2dd/ffffff,3.45
78,Bitwolf,http://dummyimage.com/199x100.png/cc0000/ffffff,27.74
79,Fintone,http://dummyimage.com/215x100.png/5fa2dd/ffffff,21.38
80,Latlux,http://dummyimage.com/190x100.png/ff4444/ffffff,26.9
81,Flexidy,http://dummyimage.com/189x100.png/cc0000/ffffff,32.1
82,Voltsillam,http://dummyimage.com/196x100.png/5fa2dd/ffffff,13.57
83,Kanlam,http://dummyimage.com/109x100.png/5fa2dd/ffffff,38.68
84,Flexidy,http://dummyimage.com/146x100.png/dddddd/000000,12.09
85,Aerified,http://dummyimage.com/225x100.png/5fa2dd/ffffff,1.47
86,Fintone,http://dummyimage.com/204x100.png/cc0000/ffffff,15.76
87,Alpha,http://dummyimage.com/183x100.png/5fa2dd/ffffff,20.48
88,Bitchip,http://dummyimage.com/192x100.png/cc0000/ffffff,20.18
89,Andalax,http://dummyimage.com/162x100.png/ff4444/ffffff,4.76
90,Zathin,http://dummyimage.com/103x100.png/ff4444/ffffff,9.16
91,Latlux,http://dummyimage.com/211x100.png/5fa2dd/ffffff,38.63
92,Y-Solowarm,http://dummyimage.com/166x100.png/cc0000/ffffff,36.26
93,Holdlamis,http://dummyimage.com/144x100.png/5fa2dd/ffffff,5.92
94,Stim,http://dummyimage.com/125x100.png/cc0000/ffffff,12.64
95,Asoka,http://dummyimage.com/179x100.png/ff4444/ffffff,9.35
96,Aerified,http://dummyimage.com/112x100.png/dddddd/000000,35.0
97,Stronghold,http://dummyimage.com/194x100.png/dddddd/000000,19.97
98,Zathin,http://dummyimage.com/125x100.png/ff4444/ffffff,3.28
99,Keylex,http://dummyimage.com/148x100.png/cc0000/ffffff,19.24
100,Duobam,http://dummyimage.com/185x100.png/5fa2dd/ffffff,39.61
